vehicle_id,vehicle,engine_set,param1,param2,UP_id,LOOP_id,STR_id,OFF_id,DOWN_id,IDLE_id,FUKASHI_id
0,Standard Kart S,SE_VCL_CAR_KART,1.10,2.00,303,304,305,306,307,308,309
1,Standard Kart M,SE_VCL_CAR_KART,1.00,2.00,303,304,305,306,307,308,309
2,Standard Kart L,SE_VCL_CAR_KART,0.80,2.00,303,304,305,306,307,308,309
3,Booster Seat,SE_VCL_CAR_KART,1.20,2.00,303,304,305,306,307,308,309
4,Classic Dragster,SE_VCL_CAR_BASIC,1.00,2.40,296,297,298,299,300,301,302
5,Offroader,SE_VCL_CAR_BASIC,0.90,2.60,296,297,298,299,300,301,302
6,Mini Beast,SE_VCL_CAR_V8,1.00,2.60,310,311,312,313,314,315,316
7,Wild Wing,SE_VCL_CAR_V8,1.00,2.60,310,311,312,313,314,315,316
8,Flame Flyer,SE_VCL_CAR_V8,0.90,2.60,310,311,312,313,314,315,316
9,Cheep Charger,SE_VCL_CAR_BASIC,1.00,2.20,296,297,298,299,300,301,302
10,Super Blooper,SE_VCL_CAR_BASIC,1.00,2.40,296,297,298,299,300,301,302
11,Piranha Prowler,SE_VCL_CAR_BASIC,1.00,2.60,296,297,298,299,300,301,302
12,Tiny Titan,SE_VCL_CAR_BASIC,1.00,2.60,296,297,298,299,300,301,302
13,Daytripper,SE_VCL_CAR_BASIC,1.00,2.60,296,297,298,299,300,301,302
14,Jetsetter,SE_VCL_CAR_BASIC,1.00,2.60,296,297,298,299,300,301,302
15,Blue Falcon,SE_VCL_CAR_BASIC,1.00,2.60,296,297,298,299,300,301,302
16,Sprinter,SE_VCL_CAR_BASIC,1.00,2.60,296,297,298,299,300,301,302
17,Honeycoupe,SE_VCL_CAR_BASIC,1.00,2.60,296,297,298,299,300,301,302
18,Standard Bike S,SE_VCL_BIKE_4ST,1.10,2.40,324,325,326,327,328,329,330
19,Standard Bike M,SE_VCL_BIKE_4ST,1.00,2.20,324,325,326,327,328,329,330
20,Standard Bike L,SE_VCL_BIKE_4ST,0.90,2.00,324,325,326,327,328,329,330
21,Bullet Bike,SE_VCL_BIKE_TYPEC,1.00,1.80,331,332,333,334,335,336,337
22,Mach Bike,SE_VCL_BIKE_4ST,0.90,1.80,324,325,326,327,328,329,330
23,Flame Runner,SE_VCL_BIKE_4ST,0.90,1.80,324,325,326,327,328,329,330
24,Bit Bike,SE_VCL_BIKE_2ST,1.10,1.90,317,318,319,320,321,322,323
25,Sugarscoot,SE_VCL_BIKE_2ST,1.10,1.90,317,318,319,320,321,322,323
26,Wario Bike,SE_VCL_BIKE_4ST,1.40,2.00,324,325,326,327,328,329,330
27,Quacker,SE_VCL_BIKE_TYPEC,1.10,1.80,331,332,333,334,335,336,337
28,Zip Zip,SE_VCL_BIKE_4ST,1.00,1.80,324,325,326,327,328,329,330
29,Shooting Star,SE_VCL_BIKE_TYPEC,0.90,1.80,331,332,333,334,335,336,337
30,Magikruiser,SE_VCL_CAR_BASIC,1.00,2.60,296,297,298,299,300,301,302
31,Sneakster,SE_VCL_CAR_BASIC,1.00,2.60,296,297,298,299,300,301,302
32,Spear,SE_VCL_CAR_BASIC,1.00,2.60,296,297,298,299,300,301,302
33,Jet Bubble,SE_VCL_CAR_BASIC,1.00,2.60,296,297,298,299,300,301,302
34,Dolphin Dasher,SE_VCL_CAR_BASIC,1.00,2.60,296,297,298,299,300,301,302
35,Phantom,SE_VCL_CAR_BASIC,1.00,2.60,296,297,298,299,300,301,302
